Gpc code,Gpc description,Date added,Last modified
50101800,Nuts/Seeds - Prepared/Processed,2022-04-01,2022-04-01
50101900,Fruit/Nuts/Seeds Combination,2022-04-01,2022-04-01
50102000,Fruit - Prepared/Processed,2022-04-01,2022-04-01
50102100,Vegetables - Prepared/Processed,2022-04-01,2022-04-01
50102200,Fruits/Vegetables/Nuts/Seeds Variety Packs,2022-04-01,2022-04-01
50121500,Fish - Unprepared/Unprocessed,2022-04-01,2022-04-01
50121700,Shellfish Unprepared/Unprocessed,2022-04-01,2022-04-01
50121800,Aquatic Plants Unprepared/Unprocessed,2022-04-01,2022-04-01
50121900,Fish - Prepared/Processed,2022-04-01,2022-04-01
50122000,Aquatic Invertebrates - Prepared/Processed,2022-04-01,2022-04-01
50122100,Shellfish Prepared/Processed,2022-04-01,2022-04-01
50122200,Aquatic Plants Prepared/Processed,2022-04-01,2022-04-01
50122300,Aquatic Invertebrates - Unprepared/Unprocessed,2022-04-01,2022-04-01
50122400,Seafood Variety Packs,2022-04-01,2022-04-01
50122500,Aquatic Invertebrates/Fish/Shellfish/Seafood Combination,2022-04-01,2022-04-01
50131700,Milk/Milk Substitutes,2022-04-01,2022-04-01
50131800,Cheese/Cheese Substitutes,2022-04-01,2022-04-01
50131900,Butter/Butter Substitutes,2022-04-01,2022-04-01
50132000,Cream/Cream Substitutes,2022-04-01,2022-04-01
50132100,Yogurt/Yogurt Substitutes,2022-04-01,2022-04-01
50132200,Milk/Butter/Cream/Yogurts/Cheese/Eggs/Substitutes Variety Packs,2022-04-01,2022-04-01
50132300,Eggs/Eggs Extracts (Industrial Process),2022-04-01,2022-04-01
50132500,Eggs/Eggs Substitutes,2022-04-01,2022-04-01
50132600,Dairy Derivatives/By Products,2022-04-01,2022-04-01
50151500,Oils Edible,2022-04-01,2022-04-01
50151600,Fats Edible,2022-04-01,2022-04-01
50151700,Oils/Fats Edible Variety Packs,2022-04-01,2022-04-01
50161500,Sugars/Sugar Substitute Products,2022-04-01,2022-04-01
50161800,Confectionery Products,2022-04-01,2022-04-01
50161900,Confectionery/Sugar Sweetening Products Variety Packs,2022-04-01,2022-04-01
50171500,Herbs/Spices/Extracts,2022-04-01,2022-04-01
50171700,Vinegars/Cooking Wines,2022-04-01,2022-04-01
50171800,Sauces/Spreads/Dips/Condiments,2022-04-01,2022-04-01
50171900,Pickles/Relishes/Chutneys/Olives,2022-04-01,2022-04-01
50172000,Seasonings/Preservatives/Extracts Variety Packs,2022-04-01,2022-04-01
50172100,Casings for Food Items,2022-04-01,2022-04-01
50181700,Baking/Cooking Mixes/Supplies,2022-04-01,2022-04-01
50181900,Bread,2022-04-01,2022-04-01
50182000,Sweet Bakery Products,2022-04-01,2022-04-01
50182100,Biscuits/Cookies,2022-04-01,2022-04-01
50182200,Savoury Bakery Products,2022-04-01,2022-04-01
50182300,Bread/Bakery Products Variety Packs,2022-04-01,2022-04-01
50191500,Prepared Soups,2022-04-01,2022-04-01
50192100,Snacks,2022-04-01,2022-04-01
50192300,Desserts/Dessert Sauces/Toppings,2022-04-01,2022-04-01
50192400,Sweet Spreads,2022-04-01,2022-04-01
50192500,Sandwiches/Filled Rolls/Wraps,2022-04-01,2022-04-01
50192900,Pasta/Noodles,2022-04-01,2022-04-01
50193000,Baby/Infant - Foods/Beverages,2022-04-01,2022-04-01
50193100,Vegetable Based Products / Meals,2022-04-01,2022-04-01
50193200,Grain Based Products / Meals,2022-04-01,2022-04-01
50193300,Dough Based Products / Meals,2022-04-01,2022-04-01
50193400,Prepared/Preserved Foods Variety Packs,2022-04-01,2022-04-01
50193500,Dairy/Egg Based Products / Meals,2022-04-01,2022-04-01
50193800,Ready-Made Combination Meals,2022-04-01,2022-04-01
50201700,Coffee/Tea/Substitutes,2022-04-01,2022-04-01
50202200,Alcoholic Beverages (Includes De-Alcoholised Variants),2022-04-01,2022-04-01
50202300,Non Alcoholic Beverages - Ready to Drink,2022-04-01,2022-04-01
50202400,Non Alcoholic Beverages - Not Ready to Drink,2022-04-01,2022-04-01
50202500,Beverages Variety Packs,2022-04-01,2022-04-01
50202600,Coffee/Coffee Substitutes,2022-04-01,2022-04-01
50202700,Tea and Infusions/Tisanes,2022-04-01,2022-04-01
50221000,Grains/Flour,2022-04-01,2022-04-01
50221200,Processed Cereal Products,2022-04-01,2022-04-01
50221300,Cereal/Grain/Pulse Products Variety Packs,2022-04-01,2022-04-01
50230100,Food/Beverage/Tobacco Variety Packs,2022-04-01,2022-04-01
50240100,Meat/Poultry/Other Animals - Prepared/Processed,2022-04-01,2022-04-01
50240200,Meat/Poultry/Other Animals - Unprepared/Unprocessed,2022-04-01,2022-04-01
50240300,Meat/Poultry/Other Animals Sausages - Prepared/Processed,2022-04-01,2022-04-01
50250600,Citrus,2022-04-01,2022-04-01
50250700,Bananas,2022-04-01,2022-04-01
50250800,Pome Fruits,2022-04-01,2022-04-01
50250900,Stone Fruit,2022-04-01,2022-04-01
50251000,Berries/Small Fruit,2022-04-01,2022-04-01
50251100,Pineapples,2022-04-01,2022-04-01
50251200,Kiwifruits,2022-04-01,2022-04-01
50251300,Annona,2022-04-01,2022-04-01
50251400,Avocados,2022-04-01,2022-04-01
50251500,Persimmon,2022-04-01,2022-04-01
50251600,Passionfruits,2022-04-01,2022-04-01
50251700,Papayas,2022-04-01,2022-04-01
50251800,Pitayas,2022-04-01,2022-04-01
50251900,Miscellaneous Fruit,2022-04-01,2022-04-01
50252000,Fruits - Unprepared/Unprocessed (Fresh) Variety Packs,2022-04-01,2022-04-01
50260100,Root/Tuber Vegetables,2022-04-01,2022-04-01
50260200,Bulb Vegetables,2022-04-01,2022-04-01
50260300,Tomatoes,2022-04-01,2022-04-01
50260400,Peppers,2022-04-01,2022-04-01
50260500,Solanacea/Others,2022-04-01,2022-04-01
50260600,Cucumbers,2022-04-01,2022-04-01
50260700,Cucurbits - Edible Peel,2022-04-01,2022-04-01
50260800,Melons,2022-04-01,2022-04-01
50260900,Cucurbits - Inedible Peel,2022-04-01,2022-04-01
50261000,Other Vegetables,2022-04-01,2022-04-01
50261100,Brassica Vegetables,2022-04-01,2022-04-01
50261300,Herbs,2022-04-01,2022-04-01
50261400,Beans (With Pods),2022-04-01,2022-04-01
50261500,Peas (With Pods),2022-04-01,2022-04-01
50261600,Stem Vegetables,2022-04-01,2022-04-01
50261700,Fungi,2022-04-01,2022-04-01
50261800,Vegetables - Unprepared/Unprocessed (Fresh) Variety Packs,2022-04-01,2022-04-01
50261900,Micro Vegetables,2022-04-01,2022-04-01
50262000,Edible Flowers,2022-04-01,2022-04-01
50262100,Tidal Sea Vegetables,2022-04-01,2022-04-01
50262200,Chickpeas,2022-04-01,2022-04-01
50262300,Succulent,2022-04-01,2022-04-01
50262400,Ferns,2022-04-01,2022-04-01
50262500,Sapote,2022-04-01,2022-04-01
50262600,Sugar Canes,2022-04-01,2022-04-01
50262700,Sedges,2022-04-01,2022-04-01
50270100,Fruits - Unprepared/Unprocessed (Frozen),2022-04-01,2022-04-01
50290100,Vegetables - Unprepared/Unprocessed (Frozen),2022-04-01,2022-04-01
50310100,Fruits - Unprepared/Unprocessed (Shelf Stable),2022-04-01,2022-04-01
50320100,Vegetables - Unprepared/Unprocessed (Shelf Stable),2022-04-01,2022-04-01
50330100,Nuts/Seeds - Unprepared/Unprocessed (Perishable),2022-04-01,2022-04-01
50340100,Nuts/Seeds - Unprepared/Unprocessed (In Shell),2022-04-01,2022-04-01
50350100,Chicory Leaves,2022-04-01,2022-04-01
50350200,Head Lettuce,2022-04-01,2022-04-01
50350300,Loose Leaf/Multileaf Salad Greens,2022-04-01,2022-04-01
50350400,Single Leaf Salad Greens,2022-04-01,2022-04-01
50350500,Spinach (Fresh),2022-04-01,2022-04-01
50350600,Leaf Vegetables - Unprepared/Unprocessed Variety Packs,2022-04-01,2022-04-01
50350700,Stem Lettuce,2022-04-01,2022-04-01
50360100,Fresh Garnish (Food),2022-04-01,2022-04-01
50370100,Fruits/Vegetables Variety Packs Unprepared/Unprocessed (Fresh),2022-04-01,2022-04-01
50370200,Vegetables/Fruits Variety Pack - Fresh Cut,2022-04-01,2022-04-01
50380100,Fruits - Fresh Cut,2022-04-01,2022-04-01
50380200,Vegetables - Fresh Cut,2022-04-01,2022-04-01
50390100,Meat Substitutes,2022-04-01,2022-04-01
50390200,Fish Substitutes,2022-04-01,2022-04-01
50390300,Seafood Substitutes,2022-04-01,2022-04-01
